,Position,First_Name,Surname,Team,Goals,Assists,Total_Points,Minutes,Goals_Conceded,Creativity,Influence,Threat,Bonus_Points,BPS,ICT_Index,Clean_Sheets,Red_Cards,Yellow_Cards,Selected_By_Percent,Now_cost,No_of_90s,Points_per_M_per_90
15,MID,Nicolas,Pépé,Arsenal,1,4,45,681,9,204.8,127.4,391,1,127,72,2,0,0,0.7,6.9,7.566666667,0.86190385
10,MID,Mohamed Naser,El Sayed Elneny,Arsenal,0,2,27,801,17,124.5,147.8,40,0,156,31.3,0,0,1,0.4,4.4,8.9,0.68947906
17,FWD,Edward,Nketiah,Arsenal,5,1,55,823,18,138.8,216,339,6,194,69.2,0,0,3,11.5,5.7,9.144444444,1.055189614
12,DEF,Rob,Holding,Arsenal,1,0,29,840,16,6.9,242.4,49,2,152,29.9,2,1,2,0.8,4.1,9.333333333,0.757839721
3,FWD,Pierre-Emerick,Aubameyang,Arsenal,4,1,44,1036,16,132.4,217.6,582,7,131,92.9,6,0,3,1.2,9.6,11.51111111,0.398166023
27,MID,Albert,Sambi Lokonga,Arsenal,0,0,32,1129,11,250.7,181.8,87,0,173,51.9,7,0,5,0.1,4.8,12.54444444,0.531443756
26,DEF,Nuno,Varela Tavares,Arsenal,1,1,49,1169,19,168.4,194.6,203,2,199,56.7,3,0,2,1,4.3,12.98888889,0.877315137
4,DEF,Cédric,Soares,Arsenal,1,1,48,1481,27,306.5,246,76,3,292,63,3,0,3,0.4,4.2,16.45555556,0.694511431
34,DEF,Takehiro,Tomiyasu,Arsenal,0,1,75,1680,20,240.9,312.4,110,5,344,66.4,9,0,2,1.9,4.5,18.66666667,0.892857143
5,FWD,Alexandre,Lacazette,Arsenal,4,8,90,1773,17,385.7,376.6,724,3,295,148.3,10,0,0,3.1,8.1,19.7,0.564015792
23,MID,Gabriel Teodoro,Martinelli Silva,Arsenal,6,7,110,1855,25,445.8,407.8,692,6,345,154.7,7,1,1,3.1,5.3,20.61111111,1.006967401
18,MID,Emile,Smith Rowe,Arsenal,10,2,125,1909,28,453.3,555.8,576,9,435,158.4,8,0,1,10,5.7,21.21111111,1.033883819
14,DEF,Kieran,Tierney,Arsenal,1,3,106,1916,21,335.9,365.2,198,11,454,90.1,11,0,0,4.7,4.9,21.28888889,1.016147586
13,MID,Thomas,Partey,Arsenal,2,2,71,2027,25,275.5,359.6,394,4,345,103,10,0,6,0.2,5,22.52222222,0.630488407
6,MID,Granit,Xhaka,Arsenal,1,2,60,2327,38,489.6,382.2,253,3,334,112.6,6,1,10,0.4,4.8,25.85555556,0.483455092
31,MID,Martin,Ødegaard,Arsenal,7,4,131,2782,39,1012.4,625.6,572,9,541,220.3,11,0,4,6,5.6,30.91111111,0.756778268
25,DEF,Ben,White,Arsenal,0,0,107,2880,35,182.3,592.8,150,9,557,92.5,13,0,3,12.4,4.6,32,0.726902174
19,MID,Bukayo,Saka,Arsenal,11,9,179,2978,39,942.5,774.2,1404,18,566,311.8,13,0,6,28.8,6.7,33.08888889,0.80741357
32,GK,Aaron,Ramsdale,Arsenal,0,0,135,3060,39,1,680,0,14,641,68,12,0,1,17.1,5.1,34,0.778546713
20,DEF,Gabriel,Magalhães,Arsenal,5,0,146,3063,38,129.3,703,453,16,682,128.4,13,1,6,7.4,5.3,34.03333333,0.80941733
71,MID,Leon,Bailey,Aston Villa,1,3,37,750,13,118.5,143.2,271,1,98,53.2,2,0,3,0.4,6.3,8.333333333,0.704761905
58,MID,Marvelous,Nakamba,Aston Villa,0,0,22,899,20,42.1,134,0,0,124,17.8,2,0,5,0.1,4.4,9.988888889,0.500556174
46,DEF,Calum,Chambers,Aston Villa,1,0,42,999,16,52.8,211,61,2,198,32.5,4,0,1,0.4,4.2,11.1,0.900900901
68,DEF,Ashley,Young,Aston Villa,0,2,50,1234,19,201.9,187.4,113,0,224,50.2,4,0,2,0.5,4.7,13.71111111,0.775888824
81,MID,Philippe,Coutinho Correia,Aston Villa,5,3,83,1327,17,338.3,324.2,419,7,283,108.3,7,0,0,10.6,7.1,14.74444444,0.792850547
59,MID,Emiliano,Buendía Stati,Aston Villa,4,6,107,1887,32,659.3,479.4,531,8,378,167.3,7,0,1,1.3,6.1,20.96666667,0.836612891
70,FWD,Danny,Ings,Aston Villa,7,6,106,1891,26,210.9,448.6,749,12,344,140.3,10,0,4,9.3,7.7,21.01111111,0.655188281
69,DEF,Lucas,Digne,Aston Villa,0,4,83,2440,42,753.1,489.8,200,8,459,144.5,7,0,6,5.9,5,27.11111111,0.612295082
67,MID,Jacob,Ramsey,Aston Villa,6,1,109,2465,35,333.1,533.8,432,9,402,130.2,12,0,6,4.9,4.7,27.38888889,0.84674809
61,DEF,Ezri,Konsa Ngoyo,Aston Villa,2,0,78,2477,43,56.5,428.2,251,4,388,73.4,8,2,4,0.9,4.9,27.52222222,0.578382342
66,MID,Douglas Luiz,Soares de Paulo,Aston Villa,2,3,89,2715,38,547.5,495.2,199,3,468,124.3,10,0,7,1.9,4.3,30.16666667,0.686110754
57,FWD,Ollie,Watkins,Aston Villa,11,3,131,2950,48,459.1,598.4,1319,17,441,237.7,10,0,7,9.1,7.5,32.77777778,0.532881356
53,MID,John,McGinn,Aston Villa,3,4,110,3090,48,777.4,692.8,307,12,495,177.8,10,0,8,1.1,5.6,34.33333333,0.572122053
56,DEF,Tyrone,Mings,Aston Villa,1,4,118,3188,49,130.9,649.2,309,12,596,108.8,11,0,11,6.9,5,35.42222222,0.666248432
49,GK,Emiliano,Martínez,Aston Villa,0,0,129,3240,48,0,755.8,0,7,651,75.4,11,0,4,11.4,5.5,36,0.651515152
60,DEF,Matthew,Cash,Aston Villa,4,3,147,3377,50,432.1,709,517,11,623,165.8,13,0,8,11.5,5.3,37.52222222,0.739184606
100,DEF,Mads,Bech Sørensen,Brentford,0,0,22,833,14,69.4,112.8,44,1,139,22.6,2,0,3,0.1,4.3,9.255555556,0.552779251
111,MID,Shandon,Baptiste,Brentford,1,0,35,898,15,120.2,132.8,145,2,120,39.6,2,1,0,0,4.9,9.977777778,0.715876551
122,MID,Christian,Eriksen,Brentford,1,4,43,938,10,428.6,269.4,172,2,221,86.8,4,0,1,1.8,5.6,10.42222222,0.736749924
108,MID,Frank,Onyeka,Brentford,0,2,35,1040,19,73.5,93,174,0,117,33.7,3,0,4,0.1,4.9,11.55555556,0.618131868
113,GK,Álvaro,Fernández,Brentford,0,0,31,1080,24,0,353.2,0,2,218,35.2,1,0,0,0.4,4.5,12,0.574074074
99,DEF,Mads,Roerslev Rasmussen,Brentford,1,1,41,1232,27,125.8,200.2,81,4,170,40.8,1,0,1,0.2,4.1,13.68888889,0.730519481
112,MID,Yoane,Wissa,Brentford,7,2,92,1268,22,105.6,318.8,379,6,277,79.6,3,0,0,0.3,5.7,14.08888889,1.145608501
96,MID,Mathias,Jensen,Brentford,0,1,54,1590,30,508,242.8,181,2,246,93.3,3,0,0,0,4.9,17.66666667,0.623796688
109,DEF,Kristoffer,Ajer,Brentford,1,3,81,1995,32,123.5,381.2,184,5,384,69,8,0,5,0.7,4.4,22.16666667,0.830485304
91,MID,Sergi,Canós,Brentford,3,3,81,2077,36,282.9,359.2,422,5,268,106.5,8,1,6,1,5.5,23.07777778,0.638158183
90,GK,David,Raya Martin,Brentford,0,0,95,2160,27,10,575.6,0,5,496,58.3,8,0,1,4.6,4.4,24,0.899621212
94,MID,Vitaly,Janelt,Brentford,4,0,90,2295,37,330,440.2,399,8,343,116.7,9,0,3,0.2,4.9,25.5,0.720288115
101,DEF,Ethan,Pinnock,Brentford,1,1,90,2694,43,151.7,648.8,335,7,517,113.5,7,0,1,2.7,4.4,29.93333333,0.683336708
93,DEF,Rico,Henry,Brentford,3,0,108,2775,41,324.4,444.8,233,4,453,100.1,9,0,2,1.2,4.5,30.83333333,0.778378378
106,MID,Bryan,Mbeumo,Brentford,4,7,119,2905,47,508.9,441.2,927,6,310,186.7,9,0,4,1.9,5.2,32.27777778,0.708989805
88,FWD,Ivan,Toney,Brentford,12,5,139,2908,47,572,717.8,1284,19,502,257.4,8,0,8,18.8,6.9,32.31111111,0.623467496
87,MID,Christian,Nørgaard,Brentford,3,4,101,3054,51,409.8,694.8,434,5,502,154.3,8,0,8,0.6,5,33.93333333,0.595284872
86,DEF,Pontus,Jansson,Brentford,3,4,122,3321,56,67.1,766.4,476,13,616,131.4,8,0,7,7,4.5,36.9,0.734718458
152,MID,Moisés,Caicedo,Brighton and Hove Albion,1,1,27,660,6,49.9,136.8,92,1,124,27.9,4,0,2,0.1,4.5,7.333333333,0.818181818
146,MID,Enock,Mwepu,Brighton and Hove Albion,2,5,58,990,13,142.9,241.8,199,5,200,58,3,0,2,0.1,5.9,11,0.893682589
131,DEF,Adam,Webster,Brighton and Hove Albion,2,0,59,1429,20,50.1,387.8,112,6,266,55.1,4,0,5,0.3,4.3,15.87777778,0.864159357
127,DEF,Shane,Duffy,Brighton and Hove Albion,1,1,48,1434,19,58.2,380.6,282,3,288,72.2,4,0,7,7.6,4,15.93333333,0.753138075
145,FWD,Danny,Welbeck,Brighton and Hove Albion,6,4,89,1469,16,195.1,302.4,528,13,247,101.5,5,0,0,1.6,6,16.32222222,0.908781484
140,DEF,Tariq,Lamptey,Brighton and Hove Albion,0,2,74,1547,21,353.4,246,172,7,308,76.8,6,0,4,1.8,4.5,17.18888889,0.956690368
124,MID,Adam,Lallana,Brighton and Hove Albion,0,1,44,1559,20,162.9,209.4,173,0,240,54.6,6,0,4,0.1,5.3,17.32222222,0.479262227
144,MID,Jakub,Moder,Brighton and Hove Albion,0,3,58,1694,23,286,239.6,372,0,227,90.3,5,0,1,0.5,4.5,18.82222222,0.684769776
130,MID,Solomon,March,Brighton and Hove Albion,0,2,61,1733,23,512,259.6,285,0,216,105.6,7,0,1,0.1,5.3,19.25555556,0.597720171
126,MID,Pascal,Groß,Brighton and Hove Albion,2,5,88,2033,24,902.5,412.6,345,7,405,166.2,8,0,1,0.3,5.6,22.58888889,0.695664395
139,MID,Yves,Bissouma,Brighton and Hove Albion,1,2,66,2110,28,167.1,425.6,126,9,351,71.8,7,0,10,4.8,4.4,23.44444444,0.639810427
143,MID,Alexis,Mac Allister,Brighton and Hove Albion,5,2,93,2112,29,455.6,494,540,8,398,148.8,6,0,4,0.5,5.1,23.46666667,0.777072193
133,FWD,Neal,Maupay,Brighton and Hove Albion,8,3,98,2269,31,357.3,367.4,672,11,295,137.4,7,0,7,4.3,6.2,25.21111111,0.626963704
129,DEF,Lewis,Dunk,Brighton and Hove Albion,1,0,92,2573,33,63,551.8,327,7,537,94.2,10,1,3,2.3,4.8,28.58888889,0.67042363
134,MID,Leandro,Trossard,Brighton and Hove Albion,8,4,141,2803,33,708.3,627.6,1020,16,465,235.4,11,0,2,2.8,5.9,31.14444444,0.767337659
132,DEF,Joël,Veltman,Brighton and Hove Albion,1,1,95,2874,39,274.6,532.8,148,5,545,95.8,8,0,6,1.4,4.2,31.93333333,0.708320907
154,DEF,Marc,Cucurella,Brighton and Hove Albion,1,1,126,3089,39,671.9,659.6,181,21,673,151.6,11,0,6,4.1,4.9,34.32222222,0.749202238
138,GK,Robert,Sánchez,Brighton and Hove Albion,0,0,126,3330,42,30,804.6,0,8,679,83.4,11,1,3,14.5,4.5,37,0.756756757
174,FWD,Matej,Vydra,Burnley,2,3,46,665,7,77.5,172.4,239,4,138,48.4,2,0,1,0.5,5.2,7.388888889,1.197223829
164,DEF,Erik,Pieters,Burnley,0,1,37,726,5,43.4,179,48,1,157,27,4,0,1,0.1,4.1,8.066666667,1.118726063
169,FWD,Ashley,Barnes,Burnley,1,0,32,793,19,90.7,77,192,2,60,34.5,1,0,4,1.1,5.2,8.811111111,0.698418857
172,MID,Johann Berg,Gudmundsson,Burnley,0,1,33,1097,19,137.5,134,193,0,100,46.5,3,0,2,0.1,5.4,12.18888889,0.501367366
168,FWD,Jay,Rodriguez,Burnley,2,3,60,1365,15,166,176.4,455,4,159,78.4,6,0,3,1.2,5.1,15.16666667,0.775694893
190,FWD,Wout,Weghorst,Burnley,2,3,55,1448,20,188,203,360,6,134,74.9,6,0,3,4,6.2,16.08888889,0.551372304
187,MID,Aaron,Lennon,Burnley,2,1,60,1541,25,136.2,190.2,218,1,172,54.1,4,0,2,0.1,4.6,17.12222222,0.76178653
182,DEF,Nathan,Collins,Burnley,2,0,55,1670,26,62.4,426.6,246,1,272,73.7,5,1,2,0.5,4.3,18.55555556,0.689319036
165,MID,Jack,Cork,Burnley,1,0,48,1670,26,103.9,168,72,3,143,34.3,6,0,4,0.1,4.4,18.55555556,0.587915079
189,DEF,Connor,Roberts,Burnley,1,1,69,1689,23,195.6,299.4,98,6,313,59.3,6,0,2,0.6,4.4,18.76666667,0.835620862
188,MID,Maxwel,Cornet,Burnley,9,2,104,1764,24,246.9,390.2,547,9,242,118.4,5,0,2,0.8,5.8,19.6,0.914848698
173,DEF,Matthew,Lowton,Burnley,1,3,65,1771,30,264.9,404.2,95,5,337,76.5,4,1,3,1,4.4,19.67777778,0.750731482
170,DEF,Ben,Mee,Burnley,3,0,74,1839,25,63.4,463.8,238,3,325,76.6,6,0,3,0.6,4.6,20.43333333,0.787289879
171,MID,Ashley,Westwood,Burnley,0,4,63,2286,40,517.1,298.2,153,2,303,96.5,4,0,7,0.2,5.2,25.4,0.476983646
176,DEF,Charlie,Taylor,Burnley,0,3,78,2730,48,310.5,552.8,50,8,454,91.3,5,0,3,0.7,4.4,30.33333333,0.584415584
178,MID,Josh,Brownhill,Burnley,2,3,92,2952,45,560.8,565.8,277,8,428,140.6,7,0,10,3.6,4.3,32.8,0.652297221
181,MID,Dwight,McNeil,Burnley,0,1,84,3104,49,729.5,556.8,489,1,440,178,9,0,1,0.2,5.5,34.48888889,0.442830366
162,DEF,James,Tarkowski,Burnley,1,2,83,3106,51,106.8,881.4,307,5,486,129.7,7,0,11,1.3,4.9,34.51111111,0.490820926
175,GK,Nick,Pope,Burnley,0,0,130,3240,47,20,875.6,0,12,683,89.7,9,0,1,3.5,5.3,36,0.681341719
215,MID,Callum,Hudson-Odoi,Chelsea,1,4,49,958,8,326.9,175.4,326,1,163,82.7,6,0,1,0.2,5.3,10.64444444,0.868554772
209,FWD,Timo,Werner,Chelsea,4,2,62,1278,17,153.1,207.6,773,5,175,112.7,5,0,1,2.3,8.5,14.2,0.513670257
212,MID,Christian,Pulisic,Chelsea,6,2,77,1282,10,223.9,317.6,434,2,206,97.5,6,0,2,0.7,7.9,14.24444444,0.684255218
206,MID,Hakim,Ziyech,Chelsea,4,3,79,1311,12,429.5,350.6,482,9,281,126,7,0,3,0.8,7.3,14.56666667,0.742923419
207,MID,Ruben,Loftus-Cheek,Chelsea,0,3,52,1384,21,291.1,282.8,218,1,251,79.2,5,0,1,0.2,5.4,15.37777778,0.626204239
220,DEF,Trevoh,Chalobah,Chelsea,3,1,99,1447,9,105.8,405.8,151,11,396,66.1,9,0,2,2.4,4.7,16.07777778,1.310120719
208,DEF,Andreas,Christensen,Chelsea,0,0,69,1494,11,103.4,296.4,20,3,343,42,9,0,2,1.4,4.6,16.6,0.903614458
201,MID,Mateo,Kovacic,Chelsea,2,5,76,1552,11,407.4,409.6,198,7,348,101.5,8,0,4,1.7,4.9,17.24444444,0.899431938
221,FWD,Romelu,Lukaku,Chelsea,8,1,87,1583,14,303.3,367,704,12,310,137.2,7,0,1,7.7,11.4,17.58888889,0.433886358
205,MID,N'Golo,Kanté,Chelsea,2,5,79,1769,19,380.6,434,221,2,377,103.6,9,0,2,2.4,4.9,19.65555556,0.820248959
216,MID,Kai,Havertz,Chelsea,8,4,112,1802,18,301.6,420.4,855,5,271,156.6,10,0,3,5.8,7.9,20.02222222,0.708074011
217,DEF,Reece,James,Chelsea,5,9,141,1863,22,696.1,582,436,26,573,171.5,7,1,4,19.1,6.5,20.7,1.04793757
195,DEF,César,Azpilicueta,Chelsea,1,3,87,2067,23,305,450.8,212,2,453,96.9,7,0,3,3.3,5.6,22.96666667,0.676446195
198,DEF,Marcos,Alonso,Chelsea,4,5,128,2164,22,677.3,560.2,566,14,528,180.6,9,0,8,15.3,5.7,24.04444444,0.933942991
199,MID,Jorge Luiz,Frello Filho,Chelsea,6,2,106,2271,16,429.3,605.8,214,11,519,125.1,12,0,5,3.9,5.7,25.23333333,0.736981158
213,MID,Mason,Mount,Chelsea,11,11,169,2358,25,914.8,812.8,931,16,597,265.8,11,0,4,21.9,7.7,26.2,0.837711906
197,DEF,Thiago,Emiliano da Silva,Chelsea,3,1,130,2649,28,132,801.4,229,14,667,116.4,11,0,2,7.9,5.6,29.43333333,0.788707329
203,DEF,Antonio,Rüdiger,Chelsea,3,3,150,3035,27,257.4,581.6,484,10,661,132.3,15,0,9,18.8,6.1,33.72222222,0.729197613
218,GK,Edouard,Mendy,Chelsea,0,0,130,3060,31,0,564.8,0,3,573,56.1,14,0,3,11.4,6.1,34,0.6268081
239,GK,Jack,Butland,Crystal Palace,0,0,30,765,13,0,155,0,3,132,15.7,1,0,0,0.4,4.4,8.5,0.802139037
235,MID,Luka,Milivojevic,Crystal Palace,0,0,19,767,16,196.6,88.6,38,0,118,32.3,1,0,1,0,5.2,8.522222222,0.428743356
246,MID,Will,Hughes,Crystal Palace,0,2,34,1050,16,141.1,155.8,60,2,164,35.8,4,0,6,0.1,4.7,11.66666667,0.62006079
247,MID,Michael,Olise,Crystal Palace,2,6,73,1127,14,389,308.2,269,8,287,96.5,4,0,4,0.2,5.3,12.52222222,1.099931359
232,FWD,Christian,Benteke,Crystal Palace,4,1,58,1132,20,176.7,250.2,523,6,173,94.3,4,0,3,1.2,5.9,12.57777778,0.781577529
242,FWD,Jean-Philippe,Mateta,Crystal Palace,5,1,61,1138,14,112.8,253.6,568,6,182,93.4,5,0,2,2.7,5.3,12.64444444,0.910236429
251,DEF,Nathaniel,Clyne,Crystal Palace,0,1,59,1351,12,97.7,170.8,17,4,264,28.7,6,0,1,0.8,4.3,15.01111111,0.914051607
231,MID,James,McArthur,Crystal Palace,0,4,54,1434,15,256.5,324,120,5,288,70,5,0,4,1.1,4.3,15.93333333,0.788167753
257,FWD,Odsonne,Edouard,Crystal Palace,6,4,87,1554,19,252.4,385.2,610,9,280,125,9,0,4,2.9,6,17.26666667,0.83976834
238,MID,Jeffrey,Schlupp,Crystal Palace,4,2,86,1840,19,238.5,403.6,461,2,297,110.4,8,0,1,0.1,5.4,20.44444444,0.778985507
233,DEF,Cheikhou,Kouyaté,Crystal Palace,0,1,77,1970,28,85.5,312.4,41,5,395,44,8,0,3,0.6,4.5,21.88888889,0.781725888
236,FWD,Jordan,Ayew,Crystal Palace,3,4,77,2012,31,361.3,349.2,491,3,281,120.1,9,0,2,1,5.8,22.35555556,0.593850689
248,DEF,Joel,Ward,Crystal Palace,0,0,73,2486,37,132.2,440.4,58,2,422,63.2,9,0,8,0.2,4.5,27.62222222,0.587288817
229,GK,Vicente,Guaita,Crystal Palace,0,0,119,2655,33,0,588.4,0,11,567,58.8,11,0,2,5.6,4.6,29.5,0.876934414
237,MID,Wilfried,Zaha,Crystal Palace,14,2,150,2759,34,630.6,732.2,963,11,422,232.5,11,1,4,8.5,6.9,30.65555556,0.709141623
228,MID,Conor,Gallagher,Crystal Palace,8,6,140,2843,38,611.1,665.2,671,16,469,194.5,11,0,10,11.2,6,31.58888889,0.738656349
250,DEF,Joachim,Andersen,Crystal Palace,0,4,124,2914,37,233.2,610.8,142,14,619,98.6,12,0,4,2.7,4.7,32.37777778,0.814848348
245,DEF,Tyrick,Mitchell,Crystal Palace,0,2,109,3101,43,379.2,610.4,111,6,561,110.1,10,0,1,1.4,4.5,34.45555556,0.702999033
249,DEF,Marc,Guéhi,Crystal Palace,2,1,123,3222,43,98.5,720.6,290,8,676,111.1,11,0,4,2,4.5,35.8,0.763500931
268,MID,André Filipe,Tavares Gomes,Everton,0,1,18,614,19,85.2,84,136,0,47,30.6,0,0,3,0.1,4.9,6.822222222,0.538456425
260,MID,Fabian,Delph,Everton,0,0,18,660,6,58.4,115.6,16,0,118,19,3,0,2,1.3,4.2,7.333333333,0.584415584
291,FWD,Salomón,Rondón,Everton,1,1,30,779,16,108.9,94.2,339,2,73,53.8,2,1,2,0.2,6,8.655555556,0.577663671
271,DEF,Yerry,Mina,Everton,0,0,24,844,10,18.2,164.8,66,0,133,24.6,2,0,3,0.3,4.9,9.377777778,0.522294226
279,MID,Bamidele,Alli,Everton,1,0,35,985,23,132,178.6,125,1,103,43.6,3,0,4,1,6.2,10.94444444,0.515801539
283,DEF,Jonjoe,Kenny,Everton,0,1,21,1015,24,157.1,147.4,42,0,147,34.7,1,1,1,0.1,4.3,11.27777778,0.433039294
300,DEF,Vitalii,Mykolenko,Everton,1,1,42,1054,17,138.8,187.4,66,3,177,39.4,3,0,0,1.2,4.9,11.71111111,0.731905665
273,FWD,Dominic,Calvert-Lewin,Everton,5,2,64,1281,31,123.2,236.4,441,10,207,79.9,3,0,2,3,7.7,14.23333333,0.583959366
281,MID,Andros,Townsend,Everton,3,2,66,1452,30,468.9,351.6,221,8,252,103.9,3,0,3,2.1,5.2,16.13333333,0.786713287
270,MID,Alex,Iwobi,Everton,2,2,78,2029,38,489.7,361.8,351,6,312,120.1,6,0,1,0.3,5.8,22.54444444,0.596522833
275,DEF,Ben,Godfrey,Everton,0,0,45,2029,39,164.6,416,222,1,318,80.5,4,0,6,0.4,4.7,22.54444444,0.424693015
274,DEF,Mason,Holgate,Everton,2,2,62,2133,42,41.8,414.6,120,2,312,57.6,5,1,7,1.6,4.2,23.7,0.62286518
267,MID,Allan,Marques Loureiro,Everton,0,3,58,2181,38,228.4,391.4,82,2,313,70.4,6,1,7,2.9,4.3,24.23333333,0.556604075
284,MID,Anthony,Gordon,Everton,4,3,100,2277,40,512.2,456.8,632,9,325,160.2,7,0,4,5.7,4.7,25.3,0.840972164
282,MID,Demarai,Gray,Everton,5,5,106,2336,39,641.6,479.2,731,3,397,185.3,6,0,3,5.2,5.4,25.95555556,0.756278539
276,FWD,Richarlison,de Andrade,Everton,10,6,125,2522,46,383.7,651.4,1010,19,413,203.9,7,0,9,12.3,7.6,28.02222222,0.586940189
269,MID,Abdoulaye,Doucouré,Everton,2,5,90,2536,47,285.7,476.8,441,8,387,120.6,5,0,6,1.2,5.3,28.17777778,0.6026427
262,DEF,Seamus,Coleman,Everton,1,1,79,2656,50,232.1,469.4,170,6,439,86.9,7,0,4,1,4.9,29.51111111,0.546317925
265,DEF,Michael,Keane,Everton,3,2,102,2791,54,96.9,676.4,229,11,518,100.4,8,1,2,2.7,4.6,31.01111111,0.715031234
266,GK,Jordan,Pickford,Everton,0,0,116,3150,58,43,863.2,0,12,624,90.5,7,0,2,6.3,4.8,35,0.69047619
349,MID,Jamie,Shackleton,Leeds,0,1,19,704,14,29,126.6,62,0,94,21.9,1,0,4,0.1,4.4,7.822222222,0.552040289
362,FWD,Joe,Gelhardt,Leeds,2,4,43,733,25,115.2,148,410,3,129,67,1,0,4,4.1,4.7,8.144444444,1.123334591
345,MID,Tyler,Roberts,Leeds,1,1,34,976,26,189.8,160.4,296,1,105,64.9,1,0,5,0.1,4.8,10.84444444,0.65317623
358,MID,Adam,Forshaw,Leeds,0,1,38,1526,41,195.3,217.2,119,0,204,53.3,2,0,5,0.1,4.5,16.95555556,0.498034076
346,DEF,Robin,Koch,Leeds,0,0,23,1572,40,67.4,196.2,113,0,186,37.9,1,0,3,0.1,4.3,17.46666667,0.306231138
343,MID,Kalvin,Phillips,Leeds,0,1,39,1594,25,137,249,99,1,209,48.8,3,0,4,0.9,4.7,17.71111111,0.46851224
354,DEF,Héctor Junior,Firpo Adames,Leeds,0,2,22,1709,49,287,310,139,4,219,73.5,1,0,11,0.3,4.7,18.98888889,0.246504737
336,DEF,Liam,Cooper,Leeds,0,2,60,1814,26,53.3,406.4,65,5,352,52.7,5,0,5,0.3,4.4,20.15555556,0.676556079
350,DEF,Pascal,Struijk,Leeds,1,1,35,2050,53,124.6,479.2,191,0,339,79.6,1,1,6,0.2,4.3,22.77777778,0.357345434
338,MID,Mateusz,Klich,Leeds,1,2,61,2071,52,432.9,337.2,476,4,277,124.3,1,0,5,0.3,5.1,23.01111111,0.519782998
339,FWD,Rodrigo,Moreno,Leeds,6,2,85,2263,37,533.1,422.8,581,11,351,153.6,5,0,9,2.1,6.3,25.14444444,0.536582286
337,DEF,Luke,Ayling,Leeds,2,3,55,2272,66,186.5,603.2,238,8,405,102.5,2,1,4,2.8,4.3,25.24444444,0.506673764
342,DEF,Diego,Llorente,Leeds,3,0,77,2341,44,39.8,515.4,142,6,432,70,5,0,7,0.4,4.5,26.01111111,0.657838531
353,MID,Daniel,James,Leeds,4,5,91,2489,51,348.1,336.4,810,2,221,148.1,5,1,7,0.5,6,27.65555556,0.548413017
352,MID,Jack,Harrison,Leeds,8,1,117,2638,68,582.1,569,647,12,408,179,3,0,3,1.5,5.5,29.31111111,0.725756427
348,MID,Raphael,Dias Belloli,Leeds,11,4,145,2916,68,898.8,728.2,872,14,457,250.1,5,0,7,11.6,6.3,32.4,0.710366451
340,MID,Stuart,Dallas,Leeds,1,1,80,2920,66,509.6,615.8,288,6,473,141.8,5,0,5,2.7,4.9,32.44444444,0.503214985
351,GK,Illan,Meslier,Leeds,0,0,106,3384,79,0,1059.6,0,8,713,105.8,5,0,2,2,4.8,37.6,0.587322695
322,DEF,Wesley,Fofana,Leicester,0,0,17,630,7,29.8,109.6,23,2,112,16.3,1,0,2,0.9,4.3,7,0.564784053
309,DEF,Ricardo Domingos,Barbosa Pereira,Leicester,1,3,35,990,20,128.1,252,120,3,202,50.1,1,0,3,1.5,5.2,11,0.611888112
320,DEF,James,Justin,Leicester,0,0,29,996,13,129.4,178.4,97,1,167,40.7,2,0,0,0.6,4.9,11.06666667,0.53479223
305,MID,Nampalys,Mendy,Leicester,0,0,24,1032,15,42.7,85.4,7,0,147,13.6,2,0,3,1.1,4.3,11.46666667,0.486749594
325,MID,Boubakary,Soumaré,Leicester,0,1,36,1095,27,98.6,142.6,40,1,153,28.1,2,0,0,0.1,4.8,12.16666667,0.616438356
304,MID,Marc,Albrighton,Leicester,1,2,40,1127,24,208.6,236.2,51,2,169,49.7,2,0,3,0.1,5.2,12.52222222,0.61429254
324,FWD,Patson,Daka,Leicester,5,3,70,1152,20,166.2,287.8,460,8,216,90.9,3,0,2,1.4,7,12.8,0.78125
315,FWD,Kelechi,Iheanacho,Leicester,4,6,80,1253,25,242.7,292,390,10,246,92.2,1,0,1,3.2,7,13.92222222,0.820887014
303,DEF,Jonny,Evans,Leicester,1,1,39,1346,23,46.7,339.2,73,0,257,45.9,2,0,3,0.3,5.4,14.95555556,0.482912333
329,MID,Ademola,Lookman,Leicester,6,0,76,1446,31,301.9,363,516,6,225,117.9,2,0,2,0.3,5.9,16.06666667,0.801744145
318,MID,Wilfred,Ndidi,Leicester,0,1,41,1617,26,66,322,179,0,240,57,5,0,4,0.8,4.8,17.96666667,0.47541744
307,FWD,Jamie,Vardy,Leicester,15,3,133,1801,27,227.9,560.4,722,24,480,150.2,4,0,2,12,10.3,20.01111111,0.645272583
321,DEF,Luke,Thomas,Leicester,0,1,50,1911,35,198.5,406.2,59,1,349,66.6,5,0,2,0.8,4.3,21.23333333,0.547625132
317,MID,Harvey,Barnes,Leicester,6,12,137,2095,30,413,525.2,975,10,377,191,8,0,2,4.2,6.5,23.27777778,0.905452543
327,MID,Kiernan,Dewsbury-Hall,Leicester,1,2,70,2101,27,494.2,373.8,219,4,337,108.9,8,0,4,1.6,4.4,23.34444444,0.681493661
310,DEF,Daniel,Amartey,Leicester,0,0,55,2118,40,69.1,458.6,20,4,422,54.7,5,0,4,10.9,4,23.53333333,0.58427762
311,DEF,Timothy,Castagne,Leicester,1,0,75,2124,30,224.7,426,92,6,365,74.4,6,0,1,1.5,5.3,23.6,0.599616246
314,MID,James,Maddison,Leicester,12,11,181,2454,41,664.1,767.4,753,24,637,218.3,5,0,3,16.3,6.9,27.26666667,0.962049538
319,DEF,Çaglar,Söyüncü,Leicester,1,0,66,2497,44,64.7,606.4,90,6,454,76.2,5,0,5,2.1,4.9,27.74444444,0.485480536
312,MID,Youri,Tielemans,Leicester,6,4,120,2629,42,577.1,714.6,442,14,532,172.9,6,0,3,3.5,6.4,29.21111111,0.641879041
302,GK,Kasper,Schmeichel,Leicester,0,0,131,3330,58,11.2,1064,0,12,706,107.8,7,0,1,18.2,5,37,0.708108108
376,MID,Alex,Oxlade-Chamberlain,Liverpool,2,1,42,777,7,170,162.8,208,2,148,54,3,0,0,0.2,5.8,8.633333333,0.838769804
370,MID,James,Milner,Liverpool,0,1,38,844,6,327.8,229.2,74,1,196,63.2,4,0,2,0.1,4.9,9.377777778,0.826965857
393,MID,Curtis,Jones,Liverpool,1,1,40,849,9,179.7,156.4,171,3,177,50.8,4,0,0,0.1,5,9.433333333,0.848056537
394,DEF,Konstantinos,Tsimikas,Liverpool,0,2,42,874,6,401.1,214.4,141,2,202,75.8,4,0,3,12.4,3.7,9.711111111,1.168903457
406,MID,Luis,Díaz,Liverpool,4,3,64,957,4,245.6,273.8,530,6,227,105.1,6,0,0,8,8.1,10.63333333,0.743062812
377,FWD,Roberto,Firmino,Liverpool,5,4,62,980,9,226.1,312.6,471,5,270,101,5,0,3,2.4,8.7,10.88888889,0.654468684
392,DEF,Ibrahima,Konaté,Liverpool,0,0,33,990,10,19.7,197.4,20,0,208,23.7,4,0,2,1.4,5.1,11,0.588235294
388,MID,Naby,Keita,Liverpool,3,2,65,1169,6,229.6,295.8,232,4,262,75.9,8,0,3,0.2,5,12.98888889,1.000855432
374,MID,Thiago,Alcántara do Nascimento,Liverpool,1,4,69,1527,7,410.1,394.6,274,3,338,108.2,11,0,2,0.6,5.3,16.96666667,0.76732031
381,MID,Fabio Henrique,Tavares,Liverpool,5,1,97,2311,18,282.2,501.8,310,7,438,109.4,15,0,7,0.9,5.4,25.67777778,0.699552863
389,MID,Diogo,Jota,Liverpool,15,7,175,2357,19,535.5,734.8,1327,8,483,258.8,14,0,3,17.3,8.3,26.18888889,0.805087128
383,DEF,Andrew,Robertson,Liverpool,3,11,186,2537,20,882.7,660.2,329,23,770,187.4,17,1,5,11.6,7.3,28.18888889,0.903882808
371,MID,Jordan,Henderson,Liverpool,2,5,110,2592,22,644.7,478.6,247,9,507,136.8,15,0,3,1.8,4.9,28.8,0.779478458
382,MID,Mohamed,Salah,Liverpool,23,14,265,2758,22,874.1,1203.8,2091,29,756,417,17,0,1,41,13.1,30.64444444,0.660119901
373,DEF,Joel,Matip,Liverpool,3,3,170,2790,21,170.6,678.6,478,20,763,132.8,17,0,2,10.1,5.3,31,1.034692635
379,MID,Sadio,Mané,Liverpool,16,5,183,2818,24,592.5,763.2,1533,10,526,288.7,17,0,5,4.8,11.8,31.31111111,0.495302595
386,DEF,Trent,Alexander-Arnold,Liverpool,2,12,208,2853,22,1362.8,837.2,478,32,864,268.1,18,0,2,37.9,8.4,31.7,0.781132642
378,DEF,Virgil,van Dijk,Liverpool,3,3,183,3060,21,150.3,726.4,455,13,803,133.1,21,0,3,17.8,6.8,34,0.791522491
380,GK,Alisson,Ramses Becker,Liverpool,0,1,176,3240,24,10,688,0,15,782,69.8,20,0,0,9.4,6.1,36,0.801457195
417,DEF,Nathan,Aké,Manchester City,2,0,54,919,3,58.9,245,75,0,234,37.9,5,0,0,0.5,4.7,10.21111111,1.125182321
427,MID,Fernando,Luiz Rosa,Manchester City,2,1,45,956,12,172.9,220.8,147,2,209,54.2,3,0,1,0.3,4.7,10.62222222,0.901362058
423,DEF,Oleksandr,Zinchenko,Manchester City,0,4,59,1044,9,256.6,234.2,103,4,284,59.5,5,0,0,1.5,5.3,11.6,0.959661679
411,DEF,John,Stones,Manchester City,1,0,70,1117,6,65.9,204.6,110,4,290,38,9,0,0,2.6,5.2,12.41111111,1.084636044
413,MID,Riyad,Mahrez,Manchester City,11,7,135,1485,14,603.3,609.6,814,12,477,202.3,7,0,0,4,8.6,16.5,0.951374207
408,DEF,Kyle,Walker,Manchester City,0,2,85,1755,14,247.8,274.2,110,5,403,63.2,10,0,1,4.7,5.4,19.5,0.807217474
409,MID,Ilkay,Gündogan,Manchester City,8,5,124,1851,10,612,484,728,10,488,182.6,14,0,1,2.6,7.1,20.56666667,0.849179355
422,FWD,Gabriel Fernando,de Jesus,Manchester City,8,8,120,1871,15,508.4,563.6,1075,16,488,214.6,11,0,1,10.2,8.6,20.78888889,0.671199334
407,MID,Jack,Grealish,Manchester City,3,3,86,1910,8,730.6,394.4,923,2,359,204.8,15,0,3,7.1,7.5,21.22222222,0.540314136
414,MID,Raheem,Sterling,Manchester City,13,7,163,2121,17,588.2,709.8,1184,15,468,248.4,13,0,1,2.6,10.5,23.56666667,0.658718933
424,MID,Phil,Foden,Manchester City,9,6,137,2125,16,670.4,563.2,920,11,483,215.7,13,0,1,7.6,7.9,23.61111111,0.734475056
410,MID,Kevin,De Bruyne,Manchester City,15,8,196,2196,22,1147.6,973.4,845,33,732,296.8,13,0,2,18.6,12.1,24.4,0.663866685
421,DEF,Rúben Santos,Gato Alves Dias,Manchester City,2,5,141,2401,18,225.2,581.2,268,12,622,107.6,14,0,5,15.5,6.2,26.67777778,0.852467386
418,DEF,Aymeric,Laporte,Manchester City,4,2,160,2830,24,197.4,641,331,8,714,116.7,18,1,5,11,6,31.44444444,0.848056537
420,MID,Bernardo Mota,Veiga de Carvalho e Silva,Manchester City,8,8,155,2856,23,849.7,729.6,950,15,663,253.5,16,0,6,14,7,31.73333333,0.697779112
425,MID,Rodrigo,Hernandez,Manchester City,7,2,127,2884,22,525.5,716.6,435,9,618,168.1,17,0,5,1.9,5.5,32.04444444,0.72059009
415,DEF,João Pedro Cavaco,Cancelo,Manchester City,1,11,201,3227,25,750.1,778.6,797,27,829,232.8,19,0,7,41.4,7.2,35.85555556,0.778586923
416,GK,Ederson,Santana de Moraes,Manchester City,0,0,155,3330,26,0,556,0,4,701,55.6,20,0,3,12.1,6.2,37,0.675675676
440,FWD,Edinson,Cavani,Manchester United,2,1,34,760,10,73.7,109,283,2,105,46.7,1,0,0,1.6,8.4,8.444444444,0.479323308
464,MID,Anthony,Elanga,Manchester United,2,3,59,1208,17,168.2,199.8,297,2,193,66.6,4,0,0,0.8,4.8,13.42222222,0.915769868
452,MID,Marcus,Rashford,Manchester United,4,2,63,1224,28,155.4,233.8,406,0,171,79.4,2,0,2,0.6,9.4,13.6,0.492803504
458,MID,Mason,Greenwood,Manchester United,5,2,71,1269,18,266.1,292.2,516,7,232,107.3,3,0,1,3.9,7.1,14.1,0.709219858
443,MID,Paul,Pogba,Manchester United,1,9,65,1347,22,355.1,332.6,328,6,254,101.4,2,1,7,6.3,7.4,14.96666667,0.586889785
442,MID,Nemanja,Matic,Manchester United,0,4,52,1375,26,216.9,302.6,45,3,271,56.5,2,0,3,0.5,4.3,15.27777778,0.79154334
446,DEF,Luke,Shaw,Manchester United,0,3,46,1600,24,586.1,292,54,3,276,93.3,3,0,8,10.8,5,17.77777778,0.5175
450,DEF,Alex Nicolao,Telles,Manchester United,0,4,67,1658,26,437.3,382.4,95,6,345,91.5,5,0,1,0.8,4.9,18.42222222,0.742226927
457,DEF,Aaron,Wan-Bissaka,Manchester United,0,0,41,1793,35,237,371.8,123,3,329,73.3,3,0,2,2.9,5.1,19.92222222,0.403530068
462,DEF,José Diogo,Dalot Teixeira,Manchester United,0,0,54,1797,29,282.2,404,124,5,382,80.9,5,0,4,1.4,4.2,19.96666667,0.64393036
465,DEF,Raphaël,Varane,Manchester United,1,1,75,1829,22,60,402.4,119,9,378,58.5,5,0,0,2.3,5.5,20.32222222,0.671007505
460,MID,Jadon,Sancho,Manchester United,3,4,91,1894,28,596.7,363.2,549,9,362,150.9,6,0,0,2.1,8.9,21.04444444,0.485863104
445,MID,Frederico,Rodrigues de Paula Santos,Manchester United,4,5,93,2026,31,390.2,583.4,201,8,426,117.5,7,0,5,0.8,4.9,22.51111111,0.843121059
454,DEF,Victor,Lindelöf,Manchester United,0,2,66,2353,47,75.4,433.2,66,4,471,57.6,6,0,4,0.5,4.8,26.14444444,0.525924352
455,MID,Scott,McTominay,Manchester United,1,2,68,2386,37,311.8,463.4,258,2,346,103.4,8,0,9,0.3,5.4,26.51111111,0.474993015
466,FWD,Cristiano Ronaldo,dos Santos Aveiro,Manchester United,18,3,159,2454,41,421.9,800.4,1535,29,608,274.6,8,0,8,18.1,12.2,27.26666667,0.477975069
444,DEF,Harry,Maguire,Manchester United,1,0,69,2513,43,75.9,560.8,314,4,451,95.1,7,1,7,4.3,5.4,27.92222222,0.457620374
448,MID,Bruno Miguel,Borges Fernandes,Manchester United,10,7,151,3110,54,1275.5,901,853,15,626,303.3,8,0,10,13.5,11.6,34.55555556,0.376704734
441,GK,David,de Gea,Manchester United,0,0,132,3420,57,0.3,947.2,0,7,667,94.2,8,0,0,8.5,5,38,0.694736842
481,GK,Karl,Darlow,Newcastle,0,0,20,720,15,0,157,0,3,110,15.8,0,0,1,0.3,4.5,8,0.555555556
493,MID,Isaac,Hayden,Newcastle,1,0,28,1000,25,33.6,187.6,66,3,124,28.3,0,0,5,0.1,4.5,11.11111111,0.56
480,DEF,Ciaran,Clark,Newcastle,0,1,14,1012,27,49.9,189.2,95,1,131,33.1,0,1,2,0.1,4.4,11.24444444,0.28296802
506,MID,Bruno,Guimarães Rodriguez Moura,Newcastle,5,1,67,1031,13,188.8,385.4,301,11,245,87.7,4,0,4,2.8,5,11.45555556,1.169738118
489,DEF,Javier,Manquillo,Newcastle,1,3,38,1258,27,65.4,244.2,64,0,206,37.7,1,0,5,4.6,3.9,13.97777778,0.697077168
479,DEF,Matt,Ritchie,Newcastle,0,2,20,1333,37,420.1,225,92,0,207,73.9,0,0,5,0.2,4.9,14.81111111,0.275579099
483,FWD,Callum,Wilson,Newcastle,8,0,75,1386,32,116,248.8,434,14,220,78.2,3,0,4,1.5,7.1,15.4,0.685933785
491,MID,Jacob,Murphy,Newcastle,1,4,62,1457,35,280.2,261.6,275,0,215,81.4,2,0,4,0.4,4.6,16.18888889,0.832562442
496,MID,Sean,Longstaff,Newcastle,1,1,48,1458,29,114.8,230.4,93,1,206,44,2,0,1,0.5,4.3,16.2,0.689061154
485,MID,Ryan,Fraser,Newcastle,2,5,78,1459,23,428.1,250.2,324,8,263,99.2,5,0,3,0.3,5.1,16.21111111,0.943434262
490,DEF,Emil,Krafth,Newcastle,0,1,58,1636,20,102.7,270.4,54,3,262,42.9,6,0,5,0.2,4.3,18.17777778,0.74202536
495,MID,Miguel,Almirón,Newcastle,1,0,59,1706,32,234.7,224.6,343,0,228,80.5,6,0,2,0.2,5,18.95555556,0.622508792
478,MID,Jonjo,Shelvey,Newcastle,2,1,63,1981,30,246.7,320.8,156,6,292,72.6,6,1,5,0.1,5.3,22.01111111,0.540036002
474,MID,Joseph,Willock,Newcastle,2,3,79,2037,37,243.2,320.4,449,3,248,101.3,6,0,0,0.8,5.3,22.63333333,0.658571151
486,DEF,Jamaal,Lascelles,Newcastle,1,1,47,2055,44,46.4,399.8,276,2,284,71.9,3,0,5,0.2,4.4,22.83333333,0.467816855
492,DEF,Fabian,Schär,Newcastle,2,2,88,2158,32,115.9,465.2,234,10,383,81.7,6,0,4,2.5,4.1,23.97777778,0.895137774
482,GK,Martin,Dubravka,Newcastle,0,0,96,2340,35,10,566.4,0,9,465,57.7,8,0,1,2.8,4.4,26,0.839160839
476,DEF,Dan,Burn,Newcastle,1,1,92,2461,30,83.7,569.8,264,6,454,91.6,9,0,8,1.1,4.4,27.34444444,0.764655905
497,FWD,Joelinton Cássio,Apolinário de Lira,Newcastle,4,2,83,2554,46,386.4,529.6,583,7,323,149.5,7,0,8,1.7,5.9,28.37777778,0.495732848
477,FWD,Chris,Wood,Newcastle,5,0,91,2694,41,265.3,270.6,784,8,228,130.1,6,0,1,1.8,6.3,29.93333333,0.482553823
494,FWD,Allan,Saint-Maximin,Newcastle,5,7,116,2804,54,649.7,554.8,841,15,394,204.9,9,0,6,10.9,6.7,31.15555556,0.555709328
475,DEF,Matt,Targett,Newcastle,1,2,101,2871,47,623.8,567.4,184,7,530,137.6,9,0,3,2.8,4.7,31.9,0.673647702
524,DEF,Jacob,Sørensen,Norwich,0,0,9,600,18,12.2,104.6,86,0,92,20.4,0,0,0,0,4.3,6.666666667,0.313953488
526,FWD,Adam,Idah,Norwich,1,2,36,617,11,84,120.2,187,3,107,38.5,1,0,0,0.5,4.8,6.855555556,1.094003241
514,MID,Lukas,Rupp,Norwich,0,0,23,759,16,129.6,89.4,115,0,112,33.3,0,0,0,0.2,4.4,8.433333333,0.619834711
529,GK,Angus,Gunn,Norwich,0,0,31,810,22,0,305.4,0,3,177,30.6,1,0,0,1.8,4,9,0.861111111
520,MID,Kieran,Dowell,Norwich,1,1,41,905,24,243.3,133.8,80,1,122,45.4,2,0,0,0.1,5.1,10.05555556,0.799480013
537,DEF,Ozan,Kabak,Norwich,0,0,18,923,25,23.9,166.2,65,0,137,25.6,2,0,2,0,4.3,10.25555556,0.408173549
518,DEF,Sam,Byram,Norwich,0,0,20,1023,27,57.9,213,121,0,163,39.3,2,0,3,0,4.4,11.36666667,0.399893362
532,DEF,Dimitris,Giannoulis,Norwich,0,1,39,1165,27,131.1,255.2,51,2,241,43.8,4,0,2,0.1,4.4,12.94444444,0.68474444
535,FWD,Joshua,Sargent,Norwich,2,2,60,1566,33,166.7,189,323,3,205,68,4,0,1,0.2,5.4,17.4,0.638569604
538,MID,Mathias,Normann,Norwich,1,2,52,1643,40,208.2,273,111,3,206,58.9,4,0,6,0.1,4.5,18.25555556,0.632988436
508,MID,Billy,Gilmour,Norwich,0,1,49,1852,52,458.7,280.2,134,1,283,87.2,2,0,2,3,4.3,20.57777778,0.553769652
509,DEF,Brandon,Williams,Norwich,0,1,36,2119,52,289.3,371,80,4,346,74.5,2,0,8,4.6,3.9,23.54444444,0.392057211
530,MID,Milot,Rashica,Norwich,1,2,70,2228,56,488.5,286.8,437,0,191,121.4,4,0,0,0.1,5.2,24.75555556,0.543778484
533,MID,Pierre,Lees-Melou,Norwich,1,2,70,2261,55,377.2,357,239,1,341,97.1,5,0,5,0.1,4.8,25.12222222,0.580495356
531,DEF,Ben,Gibson,Norwich,0,0,53,2494,57,46.7,549.8,139,0,412,73.8,6,1,3,0.1,4.4,27.71111111,0.434679595
511,GK,Tim,Krul,Norwich,0,0,90,2610,62,13.4,749.8,0,11,527,76.4,5,0,1,1.4,4.5,29,0.689655172
515,MID,Kenny,McLean,Norwich,1,0,69,2707,62,184.9,346.6,355,0,308,88.8,6,0,3,0.1,4.9,30.07777778,0.468173971
523,DEF,Max,Aarons,Norwich,0,2,55,2879,69,315.2,497,166,2,413,97.4,4,0,8,0.9,4.3,31.98888889,0.399848138
516,DEF,Grant,Hanley,Norwich,1,0,71,2897,70,73.4,746.6,220,4,508,104.1,6,0,2,0.2,4.4,32.18888889,0.501302288
512,FWD,Teemu,Pukki,Norwich,11,3,142,3253,79,355.7,527.4,1049,19,441,193.2,6,0,4,9.6,6.1,36.14444444,0.644046101
558,MID,Nathan,Tella,Southampton,0,2,29,802,18,102.2,79.4,138,0,81,31.7,1,0,2,0,4.7,8.911111111,0.692417891
551,DEF,Jack,Stephens,Southampton,0,0,12,810,19,47.7,176,6,0,135,23.1,1,0,3,0.1,4.4,9,0.303030303
571,DEF,Lyanco Evangelista,Silveira Neves Vojnovic,Southampton,0,0,19,906,20,35.3,194.2,58,1,155,28.7,1,0,2,0,4.4,10.06666667,0.428958459
561,MID,Ibrahima,Diallo,Southampton,0,3,44,1016,21,209.6,177.6,79,3,187,46.6,1,0,1,0.1,4.5,11.28888889,0.866141732
569,FWD,Adam,Armstrong,Southampton,2,3,57,1409,31,173.9,179.2,567,3,150,91.3,4,0,1,1.4,5.7,15.65555556,0.638750887
552,MID,Stuart,Armstrong,Southampton,2,1,57,1465,30,363.7,249.4,369,3,239,98.2,3,0,1,0.2,5.8,16.27777778,0.603742497
548,GK,Alex,McCarthy,Southampton,0,0,55,1530,27,10,320.2,0,3,286,33.1,5,0,1,1.2,4.3,17,0.752393981
564,DEF,Romain,Perraud,Southampton,0,1,38,1621,33,152.7,195.2,178,1,189,52.4,3,0,3,0.1,4.8,18.01111111,0.439543492
547,GK,Fraser,Forster,Southampton,0,0,57,1710,35,0,559.8,0,6,330,56.2,3,0,1,1.2,4.4,19,0.681818182
550,MID,Nathan,Redmond,Southampton,1,6,79,1827,33,506.7,330.4,289,6,313,112.6,4,0,0,0.1,5.9,20.3,0.659597562
567,FWD,Armando,Broja,Southampton,6,2,92,1969,37,159.2,280.2,720,11,234,115.6,5,0,2,7.9,5.3,21.87777778,0.793430244
557,FWD,Che,Adams,Southampton,7,4,103,2034,40,337,425.8,800,11,333,156.4,5,0,0,2.6,6.5,22.6,0.70115725
566,MID,Mohamed,Elyounoussi,Southampton,4,3,90,2039,35,331.1,379.8,719,6,243,142.8,8,0,4,0.2,5.4,22.65555556,0.735654733
565,DEF,Tino,Livramento,Southampton,1,2,80,2200,42,327.4,437.2,221,7,440,98.8,7,0,2,6.6,4.2,24.44444444,0.779220779
555,DEF,Jan,Bednarek,Southampton,4,0,94,2629,52,88.1,699.6,321,15,499,111.2,7,0,10,1.4,4.4,29.21111111,0.73135309
554,DEF,Kyle,Walker-Peters,Southampton,1,3,82,2630,49,364.1,465.2,423,7,481,124.9,6,0,5,1.1,4.8,29.22222222,0.58460076
549,MID,Oriol,Romeu Vidal,Southampton,2,2,88,2890,52,521.5,527.4,247,6,487,129.8,7,0,9,0.5,4.5,32.11111111,0.60899654
563,DEF,Mohammed,Salisu,Southampton,0,0,58,2971,58,132.3,720,330,4,478,117.9,6,1,8,0.2,4.5,33.01111111,0.390440929
553,MID,James,Ward-Prowse,Southampton,10,5,159,3215,65,1159.6,933.6,394,21,769,248.9,7,1,3,5.3,6.4,35.72222222,0.695470451
595,DEF,Japhet,Tanganga,Tottenham Hotspur,0,0,29,735,11,48.1,118,108,0,133,27.5,5,1,2,0.8,4.2,8.166666667,0.84548105
585,DEF,Matt,Doherty,Tottenham Hotspur,2,5,67,871,11,224.4,279.6,291,8,255,79.6,3,0,0,0.8,4.5,9.677777778,1.538461538
590,MID,Harry,Winks,Tottenham Hotspur,0,2,33,904,15,198.4,167.8,20,1,175,38.7,1,0,2,1,4.4,10.04444444,0.746681416
592,DEF,Ryan,Sessegnon,Tottenham Hotspur,0,3,56,1046,11,178.1,159.2,129,3,231,46.6,6,0,2,2.1,4.4,11.62222222,1.095080827
609,MID,Dejan,Kulusevski,Tottenham Hotspur,5,9,99,1259,11,343.6,346.6,382,8,343,106.9,9,0,3,10.9,6.3,13.98888889,1.12334052
597,MID,Oliver,Skipp,Tottenham Hotspur,0,0,34,1346,13,151.5,183.8,39,0,180,37.4,8,0,6,0.6,4.4,14.95555556,0.516682426
610,MID,Rodrigo,Bentancur,Tottenham Hotspur,0,4,52,1360,12,205,274.2,118,4,266,59.7,9,0,5,0.1,4.9,15.11111111,0.702280912
591,DEF,Davinson,Sánchez,Tottenham Hotspur,2,1,93,1626,16,93.1,408.2,186,8,417,68.8,10,0,4,2,4.2,18.06666667,1.225619399
587,MID,Lucas,Rodrigues Moura da Silva,Tottenham Hotspur,2,6,87,1763,21,466.2,370.6,431,4,324,126.7,8,0,4,1.3,5.9,19.58888889,0.752761568
602,DEF,Cristian,Romero,Tottenham Hotspur,1,0,63,1844,25,98.9,498.8,102,10,385,69.9,5,0,8,0.7,4.8,20.48888889,0.640591106
594,DEF,Sergio,Reguilón,Tottenham Hotspur,2,4,104,1914,25,459.9,468.8,362,9,438,129.3,9,0,4,7.2,5,21.26666667,0.978056426
604,DEF,Emerson Aparecido,Leite de Souza Junior,Tottenham Hotspur,1,1,102,2282,26,446.1,454.6,298,8,489,120,10,0,5,2.5,4.6,25.35555556,0.874518919
588,DEF,Ben,Davies,Tottenham Hotspur,1,2,105,2537,30,199.6,482.2,243,3,490,92.8,12,0,6,3.1,4.5,28.18888889,0.82774931
584,MID,Heung-Min,Son,Tottenham Hotspur,23,10,258,3009,30,1037.8,1128.6,1211,27,819,338.2,18,0,2,35.6,11.2,33.43333333,0.689004415
586,DEF,Eric,Dier,Tottenham Hotspur,0,1,132,3071,30,116.3,710.6,195,7,680,102.2,16,0,1,6.5,4.7,34.12222222,0.823073779
589,MID,Pierre-Emile,Højbjerg,Tottenham Hotspur,2,3,109,3196,34,413.6,690,315,6,616,141.9,16,0,3,2.6,4.8,35.51111111,0.639471214
582,FWD,Harry,Kane,Tottenham Hotspur,17,11,192,3231,40,637.9,969.4,1701,23,684,330.4,14,0,5,23.4,12.5,35.9,0.427855153
579,GK,Hugo,Lloris,Tottenham Hotspur,0,0,158,3420,40,23,743.6,0,11,703,76.6,16,0,2,8.5,5.5,38,0.755980861
617,DEF,Danny,Rose,Watford,0,0,7,688,16,80.5,104.8,39,0,75,22.4,0,0,4,0.2,4.2,7.644444444,0.218023256
660,MID,Edo,Kayembe,Watford,0,0,24,795,17,90.4,117.2,27,1,127,23.5,2,0,0,0,4.5,8.833333333,0.603773585
630,MID,Ken,Sema,Watford,0,0,26,844,16,159.9,84.8,51,0,81,29.5,2,0,1,0,5.2,9.377777778,0.533175355
639,DEF,Jeremy,Ngakia,Watford,0,0,28,896,19,74,171.8,16,2,154,25.9,2,0,0,0,4.2,9.955555556,0.669642857
629,DEF,Adam,Masina,Watford,0,1,25,1075,26,106.6,198.6,31,2,179,33.7,1,0,0,0.1,4.3,11.94444444,0.486749594
628,GK,Daniel,Bachmann,Watford,0,0,25,1080,28,0,300.6,0,0,196,30.2,0,0,0,1.3,4,12,0.520833333
650,FWD,Juan Camilo,Hernández Suárez,Watford,5,2,62,1138,34,289.4,303.6,397,8,247,98.5,1,0,3,1.6,4.9,12.64444444,1.000681468
624,DEF,Christian,Kabasele,Watford,0,0,21,1190,30,27.1,217,42,0,163,28.7,1,0,0,0.1,4.3,13.22222222,0.369357045
626,DEF,William,Troost-Ekong,Watford,0,0,18,1388,30,14.1,252.6,17,0,171,28.4,0,0,3,0.1,4.3,15.42222222,0.271429529
642,MID,Imrân,Louza,Watford,0,0,31,1415,38,228.2,232.6,122,0,173,58.4,3,0,6,0,5.2,15.72222222,0.379179125
621,MID,Tom,Cleverley,Watford,0,2,48,1611,38,301.6,211.8,133,0,209,64.6,2,0,2,0.1,4.8,17.9,0.558659218
658,DEF,Hassane,Kamara,Watford,1,0,38,1622,37,152.5,352,45,3,299,54.7,3,1,3,0.1,4.5,18.02222222,0.468557337
643,FWD,João Pedro,Junqueira de Jesus,Watford,3,1,60,1634,35,279.6,318.2,587,4,207,118.8,2,0,1,0.5,5.4,18.15555556,0.611995104
659,DEF,Samir,Caetano de Souza Santos,Watford,0,0,36,1674,36,24.7,292.2,121,0,272,43.9,4,0,4,0,4.5,18.6,0.430107527
638,MID,Ismaila,Sarr,Watford,5,2,81,1862,40,298.1,342.4,540,9,217,118,2,0,2,2.7,5.7,20.68888889,0.686867545
651,MID,Juraj,Kucka,Watford,1,2,54,1917,34,164.2,304.8,353,2,218,82.1,2,1,3,0.1,5.5,21.3,0.460947503
622,DEF,Francisco,Femenía Far,Watford,0,5,53,2143,49,393.9,404,36,1,385,83.7,2,0,2,0.1,4.3,23.81111111,0.517639909
648,FWD,Joshua,King,Watford,5,4,87,2244,47,444.1,391.8,692,5,268,152.4,3,0,5,2.9,5.6,24.93333333,0.623090145
616,GK,Ben,Foster,Watford,0,1,81,2340,49,10,559.2,0,9,433,57,4,0,0,19.7,4.2,26,0.741758242
619,DEF,Craig,Cathcart,Watford,0,1,50,2394,55,46.4,504.6,42,1,393,59.3,3,0,3,0.2,4.2,26.6,0.44754744
645,FWD,Emmanuel,Dennis,Watford,10,7,134,2579,60,453.4,667.6,932,21,425,205.2,3,1,7,20,5.8,28.65555556,0.806246741
615,MID,Moussa,Sissoko,Watford,2,1,85,3220,73,513.2,558.4,308,1,408,138.1,4,0,5,2.3,4.3,35.77777778,0.552506139
678,DEF,Arthur,Masuaku,West Ham,1,1,29,645,12,57.2,178.2,39,3,145,27.5,1,0,1,0.1,4.4,7.166666667,0.919661734
670,DEF,Angelo,Ogbonna,West Ham,1,0,40,921,11,5.3,167,67,6,182,24,3,0,1,0.2,4.9,10.23333333,0.797713222
685,DEF,Issa,Diop,West Ham,0,1,30,961,19,21.3,225.6,44,2,203,29.1,2,0,0,0.3,4.2,10.67777778,0.668946038
686,DEF,Ben,Johnson,West Ham,1,0,48,1397,18,176.1,307.2,39,1,235,52.3,3,0,1,3.6,3.9,15.52222222,0.79290788
677,MID,Manuel,Lanzini,West Ham,5,3,92,1777,29,367.2,420.2,201,8,440,99.1,4,0,2,0.4,5.6,19.74444444,0.832060455
666,DEF,Kurt,Zouma,West Ham,1,0,66,2078,29,32.8,496.2,131,5,388,66.2,5,0,1,1.2,5.4,23.08888889,0.529355149
680,MID,Saïd,Benrahma,West Ham,8,6,138,2162,27,476.4,561,737,15,441,177.6,9,0,0,10.7,5.9,24.02222222,0.973674721
679,DEF,Vladimir,Coufal,West Ham,0,4,70,2207,36,331.5,415.8,161,3,384,90.6,6,1,3,3.1,4.7,24.52222222,0.60735185
672,DEF,Aaron,Cresswell,West Ham,2,4,115,2726,38,542.4,575,151,17,578,127,7,0,3,7.9,5.4,30.28888889,0.703105894
675,DEF,Craig,Dawson,West Ham,2,3,90,2752,43,61.6,684.2,387,1,466,113.5,6,1,4,0.8,4.9,30.57777778,0.600676317
684,MID,Pablo,Fornals,West Ham,6,4,117,2795,38,704.4,569,528,5,480,180.2,8,0,4,1.3,5.9,31.05555556,0.638549468
674,FWD,Michail,Antonio,West Ham,10,10,140,2975,43,613.5,611.6,1263,14,441,247.6,7,1,6,24.3,7.3,33.05555556,0.580177276
681,MID,Jarrod,Bowen,West Ham,12,17,206,2987,46,624.6,819.4,1201,24,586,264.7,8,0,6,15,6.9,33.18888889,0.899550225
683,MID,Tomas,Soucek,West Ham,5,1,114,3061,46,299.8,653.4,686,14,485,164.3,6,0,3,3.4,5.7,34.01111111,0.588043123
682,MID,Declan,Rice,West Ham,1,4,95,3178,49,391,740.2,277,7,595,141.3,8,0,8,4.3,5,35.31111111,0.538074261
669,GK,Lukasz,Fabianski,West Ham,0,0,136,3330,50,0,887,0,9,661,88.6,8,0,2,2.8,5,37,0.735135135
701,DEF,Willy,Boly,Wolves,0,0,17,900,20,18,157.2,27,0,165,20.3,1,0,1,0.1,4.9,10,0.346938776
706,DEF,Jonathan,Castro Otto,Wolves,2,0,38,1022,22,159.5,203,144,2,178,50.7,2,0,1,0.6,4.5,11.35555556,0.743639922
708,MID,Adama,Traoré,Wolves,1,1,44,1069,10,271.1,192,300,0,168,76.6,5,0,0,1,5.6,11.87777778,0.661499399
721,MID,Francisco,Machado Mota de Castro Trincão,Wolves,2,1,66,1328,15,247.1,240,390,2,197,87.7,7,0,0,0.3,5.6,14.75555556,0.798730637
705,DEF,Fernando,Marçal,Wolves,0,3,67,1448,14,187.3,247.2,135,5,295,56.3,6,0,3,1.3,4.2,16.08888889,0.991515391
711,MID,Daniel,Castelo Podence,Wolves,2,3,70,1475,12,493,328.6,459,2,257,128.2,9,0,2,0.2,5.5,16.38888889,0.776579353
728,FWD,Hee-Chan,Hwang,Wolves,5,1,81,1811,22,258.6,318,433,11,288,100.5,7,0,2,3.4,5.4,20.12222222,0.745444506
722,DEF,Rayan,Ait Nouri,Wolves,1,4,87,1826,26,320.8,371,167,10,367,86.2,7,0,4,1.3,4.1,20.28888889,1.045868619
707,MID,Leander,Dendoncker,Wolves,2,3,76,1945,29,175.5,339,258,5,308,77.4,5,0,4,0.3,4.6,21.61111111,0.764502068
710,DEF,Nélson,Cabral Semedo,Wolves,0,1,94,2131,18,289.3,346.2,266,9,412,90.3,9,0,1,1.5,4.8,23.67777778,0.82707649
703,FWD,Raúl,Jiménez,Wolves,6,5,101,2630,32,481.4,441.4,742,11,266,165.3,11,2,5,4.2,7.5,29.22222222,0.460836502
709,MID,Rúben Diogo,da Silva Neves,Wolves,4,2,95,2659,34,408.2,617.4,237,7,509,126.3,9,0,9,0.9,5.2,29.54444444,0.618364336
712,DEF,Max,Kilman,Wolves,1,1,106,2688,25,68.8,587.8,207,5,536,86.5,10,0,3,1.3,4.5,29.86666667,0.788690476
704,DEF,Romain,Saïss,Wolves,2,0,109,2706,30,112.2,694.6,214,6,540,102.3,11,0,6,2.1,4.8,30.06666667,0.755266075
699,MID,João Filipe Iria,Santos Moutinho,Wolves,2,1,96,2970,40,645.2,512.6,144,8,511,130.1,11,0,4,0.7,4.9,33,0.593692022
723,GK,José,Malheiro de Sá,Wolves,0,1,146,3285,40,30,938.8,0,11,722,96.7,11,0,3,8.3,5.2,36.5,0.769230769
702,DEF,Conor,Coady,Wolves,4,0,138,3361,43,45.4,737.2,202,10,688,98.8,11,0,4,13.4,4.7,37.34444444,0.786240164